Site Code,Timestamp,Source Tag,Solar Output Current,Total Load Current,Battery Total Current,Total Voltage
TEST-01,2026-05-10 00:00:00+05,Battery             ,0.0,115.3,-119.3,48.1
TEST-01,2026-05-10 00:03:00+05,Battery             ,0.0,115.7,-115.7,48.1
TEST-01,2026-05-10 00:06:00+05,DG                  ,0.0,109.3,112.1,48.9
TEST-01,2026-05-10 00:09:00+05,DG                  ,0.0,111.1,114.0,49.1
TEST-01,2026-05-10 00:12:00+05,DG                  ,0.0,117.1,111.0,49.3
TEST-01,2026-05-10 00:15:00+05,DG                  ,0.0,98.4,108.4,49.3
TEST-01,2026-05-10 00:18:00+05,DG                  ,0.0,106.2,117.4,49.5
TEST-01,2026-05-10 00:21:00+05,DG                  ,0.0,94.2,128.3,49.5
TEST-01,2026-05-10 00:24:00+05,DG                  ,0.0,103.2,118.3,49.6
TEST-01,2026-05-10 00:27:00+05,DG                  ,0.0,114.8,114.7,49.7
TEST-01,2026-05-10 00:30:00+05,DG                  ,0.0,114.7,118.8,49.7
TEST-01,2026-05-10 00:33:00+05,DG                  ,0.0,101.1,119.6,49.8
TEST-01,2026-05-10 00:36:00+05,DG                  ,0.0,109.8,92.1,49.8
TEST-01,2026-05-10 00:39:00+05,DG                  ,0.0,110.1,122.7,49.9
TEST-01,2026-05-10 00:42:00+05,DG                  ,0.0,107.4,104.1,49.9
TEST-01,2026-05-10 00:45:00+05,DG                  ,0.0,100.7,115.0,49.9
TEST-01,2026-05-10 00:48:00+05,DG                  ,0.0,91.6,140.7,50.0
TEST-01,2026-05-10 00:51:00+05,DG                  ,0.0,91.8,129.7,50.0
TEST-01,2026-05-10 00:54:00+05,DG                  ,0.0,103.0,91.7,49.9
TEST-01,2026-05-10 00:57:00+05,DG                  ,0.0,101.9,104.6,50.0
TEST-01,2026-05-10 01:00:00+05,DG                  ,0.0,105.0,114.3,50.0
TEST-01,2026-05-10 01:03:00+05,DG                  ,0.0,96.7,116.1,50.0
TEST-01,2026-05-10 01:06:00+05,DG                  ,0.0,97.3,114.7,50.0
TEST-01,2026-05-10 01:09:00+05,DG                  ,0.0,102.3,92.3,50.0
TEST-01,2026-05-10 01:12:00+05,DG                  ,0.0,99.8,111.0,50.0
TEST-01,2026-05-10 01:15:00+05,DG                  ,0.0,95.9,130.1,50.0
TEST-01,2026-05-10 01:18:00+05,DG                  ,0.0,101.9,107.9,50.0
TEST-01,2026-05-10 01:21:00+05,DG                  ,0.0,92.2,121.9,50.0
TEST-01,2026-05-10 01:24:00+05,DG                  ,0.0,98.3,114.1,50.0
TEST-01,2026-05-10 01:27:00+05,DG                  ,0.0,86.9,93.6,50.0
TEST-01,2026-05-10 01:30:00+05,DG                  ,0.0,97.8,100.7,50.0
TEST-01,2026-05-10 01:33:00+05,DG                  ,0.0,82.0,104.4,50.0
TEST-01,2026-05-10 01:36:00+05,DG                  ,0.0,87.1,108.5,50.0
TEST-01,2026-05-10 01:39:00+05,DG                  ,0.0,81.8,114.4,50.0
TEST-01,2026-05-10 01:42:00+05,DG                  ,0.0,77.3,124.1,50.0
TEST-01,2026-05-10 01:45:00+05,DG                  ,0.0,87.8,100.5,49.9
TEST-01,2026-05-10 01:48:00+05,DG                  ,0.0,82.4,120.1,50.0
TEST-01,2026-05-10 01:51:00+05,DG                  ,0.0,86.5,110.1,50.0
TEST-01,2026-05-10 01:54:00+05,DG                  ,0.0,87.2,91.9,50.0
TEST-01,2026-05-10 01:57:00+05,DG                  ,0.0,70.7,101.7,50.0
TEST-01,2026-05-10 02:00:00+05,DG                  ,0.0,89.6,92.7,50.0
TEST-01,2026-05-10 02:03:00+05,DG                  ,0.0,85.4,124.3,50.1
TEST-01,2026-05-10 02:06:00+05,DG                  ,0.0,96.4,98.6,50.0
TEST-01,2026-05-10 02:09:00+05,DG                  ,0.0,91.2,109.3,50.0
TEST-01,2026-05-10 02:12:00+05,DG                  ,0.0,79.4,91.9,50.0
TEST-01,2026-05-10 02:15:00+05,DG                  ,0.0,83.0,123.1,50.1
TEST-01,2026-05-10 02:18:00+05,DG                  ,0.0,79.2,108.6,50.0
TEST-01,2026-05-10 02:21:00+05,DG                  ,0.0,83.7,99.1,50.1
TEST-01,2026-05-10 02:24:00+05,DG                  ,0.0,83.2,67.6,50.0
TEST-01,2026-05-10 02:27:00+05,DG                  ,0.0,78.7,120.8,50.1
TEST-01,2026-05-10 02:30:00+05,DG                  ,0.0,84.8,103.7,50.1
TEST-01,2026-05-10 02:33:00+05,DG                  ,0.0,72.8,121.3,50.1
TEST-01,2026-05-10 02:36:00+05,DG                  ,0.0,81.6,122.9,50.1
TEST-01,2026-05-10 02:39:00+05,DG                  ,0.0,89.6,109.5,50.1
TEST-01,2026-05-10 02:42:00+05,DG                  ,0.0,80.6,108.9,50.1
TEST-01,2026-05-10 02:45:00+05,DG                  ,0.0,77.1,96.1,50.1
TEST-01,2026-05-10 02:48:00+05,DG                  ,0.0,68.7,108.5,50.1
TEST-01,2026-05-10 02:51:00+05,DG                  ,0.0,75.2,113.6,50.1
TEST-01,2026-05-10 02:54:00+05,DG                  ,0.0,87.1,101.2,50.1
TEST-01,2026-05-10 02:57:00+05,DG                  ,0.0,62.7,107.5,50.1
TEST-01,2026-05-10 03:00:00+05,DG                  ,0.0,67.6,119.7,50.2
TEST-01,2026-05-10 03:03:00+05,DG                  ,0.0,77.7,116.8,50.2
TEST-01,2026-05-10 03:06:00+05,DG                  ,0.0,67.5,110.8,50.3
TEST-01,2026-05-10 03:09:00+05,DG                  ,0.0,65.0,108.2,50.3
TEST-01,2026-05-10 03:12:00+05,DG                  ,0.0,73.4,100.4,50.2
TEST-01,2026-05-10 03:15:00+05,DG                  ,0.0,75.5,105.7,50.3
TEST-01,2026-05-10 03:18:00+05,DG                  ,0.0,73.2,93.3,50.4
TEST-01,2026-05-10 03:21:00+05,DG                  ,0.0,75.9,104.1,50.4
TEST-01,2026-05-10 03:24:00+05,DG                  ,0.0,65.4,119.8,50.5
TEST-01,2026-05-10 03:27:00+05,DG                  ,0.0,69.2,121.6,50.5
TEST-01,2026-05-10 03:30:00+05,DG                  ,0.0,68.9,94.9,50.5
TEST-01,2026-05-10 03:33:00+05,DG                  ,0.0,68.1,115.4,50.5
TEST-01,2026-05-10 03:36:00+05,DG                  ,0.0,76.6,112.6,50.5
TEST-01,2026-05-10 03:39:00+05,DG                  ,0.0,76.6,111.3,50.5
TEST-01,2026-05-10 03:42:00+05,DG                  ,0.0,63.3,127.6,50.6
TEST-01,2026-05-10 03:45:00+05,DG                  ,0.0,72.4,102.9,50.5
TEST-01,2026-05-10 03:48:00+05,DG                  ,0.0,74.7,93.7,50.5
TEST-01,2026-05-10 03:51:00+05,DG                  ,0.0,73.9,114.4,50.6
TEST-01,2026-05-10 03:54:00+05,DG                  ,0.0,67.6,127.2,50.6
TEST-01,2026-05-10 03:57:00+05,DG                  ,0.0,74.2,106.3,50.6
TEST-01,2026-05-10 04:00:00+05,DG                  ,0.0,84.6,107.4,50.5
TEST-01,2026-05-10 04:03:00+05,DG                  ,0.0,60.5,83.9,50.5
TEST-01,2026-05-10 04:06:00+05,DG                  ,0.0,65.8,112.8,50.6
TEST-01,2026-05-10 04:09:00+05,DG                  ,0.0,57.7,117.1,50.6
TEST-01,2026-05-10 04:12:00+05,DG                  ,0.0,60.1,88.3,50.6
TEST-01,2026-05-10 04:15:00+05,DG                  ,0.0,67.8,116.1,50.5
TEST-01,2026-05-10 04:18:00+05,DG                  ,0.0,51.7,119.4,50.6
TEST-01,2026-05-10 04:21:00+05,DG                  ,0.0,73.0,108.3,50.6
TEST-01,2026-05-10 04:24:00+05,DG                  ,0.0,52.0,99.8,50.6
TEST-01,2026-05-10 04:27:00+05,DG                  ,0.0,49.4,123.2,50.6
TEST-01,2026-05-10 04:30:00+05,DG                  ,0.0,61.0,106.7,50.6
TEST-01,2026-05-10 04:33:00+05,DG                  ,0.0,62.1,108.9,50.6
TEST-01,2026-05-10 04:36:00+05,DG                  ,0.0,58.5,102.7,50.6
TEST-01,2026-05-10 04:39:00+05,DG                  ,0.0,51.4,119.4,50.6
TEST-01,2026-05-10 04:42:00+05,DG                  ,0.0,57.8,108.8,50.6
TEST-01,2026-05-10 04:45:00+05,DG                  ,0.0,58.4,113.8,50.6
TEST-01,2026-05-10 04:48:00+05,DG                  ,0.0,58.6,98.2,50.6
TEST-01,2026-05-10 04:51:00+05,DG                  ,0.0,64.1,88.3,50.5
TEST-01,2026-05-10 04:54:00+05,DG                  ,0.0,54.7,120.0,50.7
TEST-01,2026-05-10 04:57:00+05,DG                  ,0.0,70.4,95.1,50.6
TEST-01,2026-05-10 05:00:00+05,DG                  ,0.0,56.1,119.5,50.7
TEST-01,2026-05-10 05:03:00+05,DG                  ,0.0,54.0,117.4,50.7
TEST-01,2026-05-10 05:06:00+05,DG                  ,0.0,58.7,99.3,50.6
TEST-01,2026-05-10 05:09:00+05,DG                  ,0.0,61.5,106.9,50.7
TEST-01,2026-05-10 05:12:00+05,DG                  ,0.0,63.4,92.3,50.6
TEST-01,2026-05-10 05:15:00+05,DG                  ,0.0,60.9,117.7,50.7
TEST-01,2026-05-10 05:18:00+05,DG                  ,0.0,67.8,116.7,50.7
TEST-01,2026-05-10 05:21:00+05,DG                  ,0.0,62.6,101.6,50.7
TEST-01,2026-05-10 05:24:00+05,DG                  ,0.0,59.6,117.3,50.8
TEST-01,2026-05-10 05:27:00+05,DG                  ,0.0,76.8,94.9,50.7
TEST-01,2026-05-10 05:30:00+05,DG                  ,0.0,49.1,114.0,50.8
TEST-01,2026-05-10 05:33:00+05,DG                  ,0.0,65.5,117.0,50.8
TEST-01,2026-05-10 05:36:00+05,DG                  ,0.0,67.3,91.6,50.8
TEST-01,2026-05-10 05:39:00+05,DG                  ,0.0,66.3,89.9,50.9
TEST-01,2026-05-10 05:42:00+05,DG                  ,0.0,64.2,101.3,51.0
TEST-01,2026-05-10 05:45:00+05,DG                  ,0.0,66.4,119.3,51.2
TEST-01,2026-05-10 05:48:00+05,DG                  ,0.0,77.7,100.7,51.7
TEST-01,2026-05-10 05:51:00+05,DG                  ,0.0,58.7,65.9,52.9
TEST-01,2026-05-10 05:54:00+05,DG                  ,0.0,63.5,6.8,53.0
TEST-01,2026-05-10 05:57:00+05,DG                  ,0.0,62.4,7.4,53.0
TEST-01,2026-05-10 06:00:00+05,DG                  ,0.0,68.7,4.5,53.0
TEST-01,2026-05-10 06:03:00+05,DG                  ,0.0,74.0,8.4,53.0
TEST-01,2026-05-10 06:06:00+05,DG                  ,0.3,70.1,14.9,52.5
TEST-01,2026-05-10 06:09:00+05,DG+Solar            ,0.6,70.3,13.4,52.5
TEST-01,2026-05-10 06:12:00+05,DG+Solar            ,0.9,62.4,29.3,52.5
TEST-01,2026-05-10 06:15:00+05,DG+Solar            ,1.0,73.1,13.9,52.5
TEST-01,2026-05-10 06:18:00+05,DG+Solar            ,1.1,63.6,4.2,52.6
TEST-01,2026-05-10 06:21:00+05,DG+Solar            ,1.3,69.6,17.0,52.6
TEST-01,2026-05-10 06:24:00+05,DG+Solar            ,1.6,72.3,11.2,52.6
TEST-01,2026-05-10 06:27:00+05,DG+Solar            ,1.6,63.4,20.2,52.5
TEST-01,2026-05-10 06:30:00+05,DG+Solar            ,2.3,72.0,8.1,52.5
TEST-01,2026-05-10 06:33:00+05,DG+Solar            ,3.6,77.4,16.0,52.5
TEST-01,2026-05-10 06:36:00+05,DG+Solar            ,3.4,73.3,15.1,52.5
TEST-01,2026-05-10 06:39:00+05,DG+Solar            ,4.3,80.3,0.0,52.6
TEST-01,2026-05-10 06:42:00+05,DG+Solar            ,4.2,75.8,21.3,52.5
TEST-01,2026-05-10 06:45:00+05,DG+Solar            ,4.7,85.7,7.1,52.5
TEST-01,2026-05-10 06:48:00+05,DG+Solar            ,3.4,82.7,17.5,52.5
TEST-01,2026-05-10 06:51:00+05,DG+Solar            ,4.5,88.7,8.0,52.5
TEST-01,2026-05-10 06:54:00+05,DG+Solar            ,5.0,87.7,12.9,52.5
TEST-01,2026-05-10 06:57:00+05,DG+Solar            ,5.6,82.9,10.0,52.5
TEST-01,2026-05-10 07:00:00+05,DG+Solar            ,6.1,86.2,15.6,52.5
TEST-01,2026-05-10 07:03:00+05,DG+Solar            ,6.8,84.4,12.0,52.5
TEST-01,2026-05-10 07:06:00+05,DG+Solar            ,7.1,84.5,16.2,52.5
TEST-01,2026-05-10 07:09:00+05,DG+Solar            ,7.5,85.9,4.2,52.5
TEST-01,2026-05-10 07:12:00+05,DG+Solar            ,8.2,94.0,12.5,52.5
TEST-01,2026-05-10 07:15:00+05,DG+Solar            ,9.0,83.1,16.6,52.5
TEST-01,2026-05-10 07:18:00+05,DG+Solar            ,7.9,97.4,14.0,52.5
TEST-01,2026-05-10 07:21:00+05,DG+Solar            ,9.6,93.7,17.2,52.5
TEST-01,2026-05-10 07:24:00+05,DG+Solar            ,9.2,90.5,13.4,52.5
TEST-01,2026-05-10 07:27:00+05,DG+Solar            ,9.8,101.3,15.0,52.5
TEST-01,2026-05-10 07:30:00+05,DG+Solar            ,10.4,89.3,14.4,52.5
TEST-01,2026-05-10 07:33:00+05,DG+Solar            ,11.5,92.6,13.1,52.5
TEST-01,2026-05-10 07:36:00+05,Solar+Battery       ,12.3,97.5,-83.6,50.6
TEST-01,2026-05-10 07:39:00+05,Solar+Battery       ,13.2,105.7,-92.5,49.7
TEST-01,2026-05-10 07:42:00+05,Solar+Battery       ,13.8,110.2,-96.6,49.4
TEST-01,2026-05-10 07:45:00+05,Solar+Battery       ,15.6,107.3,-92.2,49.4
TEST-01,2026-05-10 07:48:00+05,Solar+Battery       ,14.2,105.8,-88.1,49.4
TEST-01,2026-05-10 07:51:00+05,Solar+Battery       ,14.7,112.8,-98.1,49.5
TEST-01,2026-05-10 07:54:00+05,Solar+Battery       ,17.4,104.7,-87.4,49.5
TEST-01,2026-05-10 07:57:00+05,Solar+Battery       ,17.9,113.7,-95.6,49.5
TEST-01,2026-05-10 08:00:00+05,Solar+Battery       ,19.2,102.3,-83.1,49.5
TEST-01,2026-05-10 08:03:00+05,Solar+Battery       ,20.0,107.0,-83.6,49.5
TEST-01,2026-05-10 08:06:00+05,Solar+Battery       ,20.6,104.0,-94.7,49.5
TEST-01,2026-05-10 08:09:00+05,Solar+Battery       ,20.0,109.5,-87.8,49.5
TEST-01,2026-05-10 08:12:00+05,Solar+Battery       ,21.2,113.1,-91.5,49.5
TEST-01,2026-05-10 08:15:00+05,Solar+Battery       ,23.2,104.1,-77.7,49.5
TEST-01,2026-05-10 08:18:00+05,Solar+Battery       ,24.1,106.3,-75.5,49.5
TEST-01,2026-05-10 08:21:00+05,Solar+Battery       ,24.6,110.1,-77.6,49.5
TEST-01,2026-05-10 08:24:00+05,Solar+Battery       ,25.3,108.5,-83.1,49.5
TEST-01,2026-05-10 08:27:00+05,Solar+Battery       ,26.7,109.5,-90.3,49.5
TEST-01,2026-05-10 08:30:00+05,Solar+Battery       ,27.8,112.3,-84.7,49.5
TEST-01,2026-05-10 08:33:00+05,Solar+Battery       ,29.0,112.0,-76.4,49.5
TEST-01,2026-05-10 08:36:00+05,Solar+Battery       ,29.8,112.3,-79.7,49.5
TEST-01,2026-05-10 08:39:00+05,Solar+Battery       ,30.9,110.3,-76.0,49.5
TEST-01,2026-05-10 08:42:00+05,Solar+Battery       ,31.1,111.3,-79.8,49.5
TEST-01,2026-05-10 08:45:00+05,Solar+Battery       ,32.8,109.5,-82.5,49.5
TEST-01,2026-05-10 08:48:00+05,Solar+Battery       ,34.0,115.1,-81.3,49.5
TEST-01,2026-05-10 08:51:00+05,Solar+Battery       ,35.1,116.7,-84.2,49.5
TEST-01,2026-05-10 08:54:00+05,Solar+Battery       ,35.1,117.1,-86.4,49.5
TEST-01,2026-05-10 08:57:00+05,Solar+Battery       ,37.1,113.7,-82.1,49.5
TEST-01,2026-05-10 09:00:00+05,Solar+Battery       ,37.8,117.9,-79.8,49.5
TEST-01,2026-05-10 09:03:00+05,Solar+Battery       ,38.5,120.3,-82.8,49.5
TEST-01,2026-05-10 09:06:00+05,Solar+Battery       ,39.8,112.9,-79.8,49.5
TEST-01,2026-05-10 09:09:00+05,Solar+Battery       ,40.9,109.3,-67.5,49.5
TEST-01,2026-05-10 09:12:00+05,Solar+Battery       ,42.6,115.8,-63.4,49.5
TEST-01,2026-05-10 09:15:00+05,Solar+Battery       ,43.5,106.7,-60.0,49.5
TEST-01,2026-05-10 09:18:00+05,Solar+Battery       ,44.1,116.3,-74.1,49.5
TEST-01,2026-05-10 09:21:00+05,Solar+Battery       ,45.9,114.9,-68.9,49.5
TEST-01,2026-05-10 09:24:00+05,Solar+Battery       ,47.1,108.6,-59.7,49.5
TEST-01,2026-05-10 09:27:00+05,Solar+Battery       ,47.9,108.0,-60.2,49.5
TEST-01,2026-05-10 09:30:00+05,Solar+Battery       ,49.5,119.5,-69.4,49.5
TEST-01,2026-05-10 09:33:00+05,Solar+Battery       ,50.0,116.4,-62.9,49.5
TEST-01,2026-05-10 09:36:00+05,Solar+Battery       ,50.9,116.9,-67.4,49.5
TEST-01,2026-05-10 09:39:00+05,Solar+Battery       ,51.7,108.2,-56.7,49.5
TEST-01,2026-05-10 09:42:00+05,Solar+Battery       ,52.5,115.5,-64.7,49.4
TEST-01,2026-05-10 09:45:00+05,Solar+Battery       ,53.1,120.2,-67.4,49.4
TEST-01,2026-05-10 09:48:00+05,Solar+Battery       ,55.2,121.1,-67.1,49.4
TEST-01,2026-05-10 09:51:00+05,Solar+Battery       ,55.1,116.5,-63.7,49.4
TEST-01,2026-05-10 09:54:00+05,Solar+Battery       ,57.2,113.6,-55.6,49.4
TEST-01,2026-05-10 09:57:00+05,Solar+Battery       ,57.9,118.8,-61.7,49.4
TEST-01,2026-05-10 10:00:00+05,Solar+Battery       ,58.6,120.9,-60.3,49.3
TEST-01,2026-05-10 10:03:00+05,Solar+Battery       ,60.5,118.6,-58.1,49.3
TEST-01,2026-05-10 10:06:00+05,Solar+Battery       ,60.7,122.1,-60.7,49.2
TEST-01,2026-05-10 10:09:00+05,Solar+Battery       ,62.4,121.5,-59.0,49.2
TEST-01,2026-05-10 10:12:00+05,Solar+Battery       ,63.0,117.3,-54.4,49.2
TEST-01,2026-05-10 10:15:00+05,Solar+Battery       ,63.2,117.8,-54.5,49.2
TEST-01,2026-05-10 10:18:00+05,Solar+Battery       ,64.9,119.1,-48.5,49.2
TEST-01,2026-05-10 10:21:00+05,Solar+Battery       ,65.9,121.2,-56.2,49.1
TEST-01,2026-05-10 10:24:00+05,Solar+Battery       ,67.0,119.0,-51.1,49.1
TEST-01,2026-05-10 10:27:00+05,Solar+Battery       ,67.5,121.8,-53.3,49.1
TEST-01,2026-05-10 10:30:00+05,Solar+Battery       ,68.6,123.1,-55.6,49.1
TEST-01,2026-05-10 10:33:00+05,DG+Solar+Battery    ,69.4,123.7,-21.3,49.2
TEST-01,2026-05-10 10:36:00+05,DG+Solar            ,68.8,108.1,141.5,49.8
TEST-01,2026-05-10 10:39:00+05,DG+Solar            ,69.9,116.7,110.0,49.9
TEST-01,2026-05-10 10:42:00+05,DG+Solar            ,71.2,107.1,122.7,50.0
TEST-01,2026-05-10 10:45:00+05,DG+Solar            ,71.5,113.5,115.1,50.0
TEST-01,2026-05-10 10:48:00+05,DG+Solar            ,71.9,110.6,109.6,50.1
TEST-01,2026-05-10 10:51:00+05,DG+Solar            ,73.1,97.9,110.1,50.1
TEST-01,2026-05-10 10:54:00+05,DG+Solar            ,73.6,111.7,89.9,50.2
TEST-01,2026-05-10 10:57:00+05,DG+Solar            ,73.2,112.3,111.1,50.3
TEST-01,2026-05-10 11:00:00+05,DG+Solar            ,74.5,108.1,91.5,50.3
TEST-01,2026-05-10 11:03:00+05,DG+Solar            ,75.5,112.2,109.2,50.4
TEST-01,2026-05-10 11:06:00+05,DG+Solar            ,75.8,115.0,111.8,50.5
TEST-01,2026-05-10 11:09:00+05,DG+Solar            ,76.0,111.3,88.1,50.4
TEST-01,2026-05-10 11:12:00+05,DG+Solar            ,77.1,108.5,95.8,50.5
TEST-01,2026-05-10 11:15:00+05,DG+Solar            ,77.2,109.8,99.3,50.4
TEST-01,2026-05-10 11:18:00+05,DG+Solar            ,77.5,113.6,96.9,50.4
TEST-01,2026-05-10 11:21:00+05,DG+Solar            ,78.1,113.5,95.2,50.4
TEST-01,2026-05-10 11:24:00+05,DG+Solar            ,78.6,112.7,105.5,50.4
TEST-01,2026-05-10 11:27:00+05,DG+Solar            ,78.8,99.0,99.3,50.4
TEST-01,2026-05-10 11:30:00+05,DG+Solar            ,79.5,109.5,102.7,50.4
TEST-01,2026-05-10 11:33:00+05,DG+Solar            ,80.3,112.9,98.0,50.4
TEST-01,2026-05-10 11:36:00+05,DG+Solar            ,80.7,112.6,112.2,50.5
TEST-01,2026-05-10 11:39:00+05,DG+Solar            ,80.3,111.4,103.4,50.4
TEST-01,2026-05-10 11:42:00+05,DG+Solar            ,80.4,115.5,114.9,50.5
TEST-01,2026-05-10 11:45:00+05,DG+Solar            ,80.8,107.8,102.6,50.4
TEST-01,2026-05-10 11:48:00+05,DG+Solar            ,81.3,112.8,98.7,50.4
TEST-01,2026-05-10 11:51:00+05,DG+Solar            ,81.5,112.3,109.4,50.5
TEST-01,2026-05-10 11:54:00+05,DG+Solar            ,80.4,115.7,114.6,50.5
TEST-01,2026-05-10 11:57:00+05,DG+Solar            ,81.5,112.1,108.1,50.4
TEST-01,2026-05-10 12:00:00+05,DG+Solar            ,82.0,114.1,95.5,50.4
TEST-01,2026-05-10 12:03:00+05,DG+Solar            ,83.0,116.3,95.0,50.4
TEST-01,2026-05-10 12:06:00+05,DG+Solar            ,82.3,112.3,102.7,50.5
TEST-01,2026-05-10 12:09:00+05,DG+Solar            ,83.4,113.3,100.7,50.5
TEST-01,2026-05-10 12:12:00+05,DG+Solar            ,82.8,109.5,103.6,50.5
TEST-01,2026-05-10 12:15:00+05,DG+Solar            ,83.6,117.3,106.4,50.5
TEST-01,2026-05-10 12:18:00+05,DG+Solar            ,83.4,107.6,114.5,50.5
TEST-01,2026-05-10 12:21:00+05,DG+Solar            ,83.1,107.0,113.4,50.5
TEST-01,2026-05-10 12:24:00+05,DG+Solar            ,83.8,113.3,113.3,50.5
TEST-01,2026-05-10 12:27:00+05,DG+Solar            ,83.3,113.1,118.7,50.5
TEST-01,2026-05-10 12:30:00+05,DG+Solar            ,84.1,115.0,100.2,50.5
TEST-01,2026-05-10 12:33:00+05,DG+Solar            ,84.4,116.2,111.6,50.5
TEST-01,2026-05-10 12:36:00+05,DG+Solar            ,83.8,112.0,115.4,50.5
TEST-01,2026-05-10 12:39:00+05,DG+Solar            ,83.5,111.8,110.3,50.6
TEST-01,2026-05-10 12:42:00+05,DG+Solar            ,84.2,118.1,92.5,50.5
TEST-01,2026-05-10 12:45:00+05,DG+Solar            ,83.9,103.1,117.8,50.6
TEST-01,2026-05-10 12:48:00+05,DG+Solar            ,83.9,114.3,100.6,50.5
TEST-01,2026-05-10 12:51:00+05,DG+Solar            ,84.1,113.7,113.2,50.6
TEST-01,2026-05-10 12:54:00+05,DG+Solar            ,83.9,110.4,114.8,50.6
TEST-01,2026-05-10 12:57:00+05,DG+Solar            ,83.5,115.1,96.6,50.6
TEST-01,2026-05-10 13:00:00+05,DG+Solar            ,83.6,108.1,105.8,50.6
TEST-01,2026-05-10 13:03:00+05,DG+Solar            ,82.9,110.0,109.0,50.6
TEST-01,2026-05-10 13:06:00+05,DG+Solar            ,82.4,107.2,115.6,50.6
TEST-01,2026-05-10 13:09:00+05,DG+Solar            ,83.0,101.9,114.2,50.6
TEST-01,2026-05-10 13:12:00+05,DG+Solar            ,82.9,113.2,100.7,50.6
TEST-01,2026-05-10 13:15:00+05,DG+Solar            ,82.8,112.6,104.7,50.6
TEST-01,2026-05-10 13:18:00+05,DG+Solar            ,81.6,111.3,103.7,50.6
TEST-01,2026-05-10 13:21:00+05,DG+Solar            ,82.5,114.3,96.8,50.6
TEST-01,2026-05-10 13:24:00+05,DG+Solar            ,80.2,113.0,104.6,50.7
TEST-01,2026-05-10 13:27:00+05,DG+Solar            ,80.7,113.6,99.4,50.7
TEST-01,2026-05-10 13:30:00+05,DG+Solar            ,79.6,111.0,111.6,50.8
TEST-01,2026-05-10 13:33:00+05,DG+Solar            ,80.0,106.2,112.6,50.8
TEST-01,2026-05-10 13:36:00+05,DG+Solar            ,79.1,113.5,104.5,50.9
TEST-01,2026-05-10 13:39:00+05,DG+Solar            ,78.6,114.7,95.7,51.2
TEST-01,2026-05-10 13:42:00+05,DG+Solar            ,76.5,114.2,109.5,52.0
TEST-01,2026-05-10 13:45:00+05,DG+Solar            ,75.7,112.9,19.0,52.6
TEST-01,2026-05-10 13:48:00+05,DG+Solar            ,75.0,107.1,20.3,52.6
TEST-01,2026-05-10 13:51:00+05,DG+Solar            ,74.2,107.2,19.7,52.6
TEST-01,2026-05-10 13:54:00+05,DG+Solar            ,74.3,112.0,19.4,52.6
TEST-01,2026-05-10 13:57:00+05,DG+Solar            ,73.8,103.5,19.9,52.6
TEST-01,2026-05-10 14:00:00+05,DG+Solar            ,72.8,109.2,23.9,52.6
TEST-01,2026-05-10 14:03:00+05,DG+Solar            ,72.1,105.9,23.7,52.6
TEST-01,2026-05-10 14:06:00+05,DG+Solar            ,71.0,112.6,17.8,52.6
TEST-01,2026-05-10 14:09:00+05,Solar+Battery       ,73.1,110.7,-37.9,51.1
TEST-01,2026-05-10 14:12:00+05,Solar+Battery       ,72.8,118.8,-45.4,50.3
TEST-01,2026-05-10 14:15:00+05,Solar+Battery       ,72.7,114.4,-41.9,49.8
TEST-01,2026-05-10 14:18:00+05,Solar+Battery       ,73.4,117.2,-41.9,49.6
TEST-01,2026-05-10 14:21:00+05,Solar+Battery       ,72.5,121.4,-48.8,49.6
TEST-01,2026-05-10 14:24:00+05,Solar+Battery       ,71.5,119.7,-46.7,49.6
TEST-01,2026-05-10 14:27:00+05,Solar+Battery       ,71.2,118.5,-41.3,49.6
TEST-01,2026-05-10 14:30:00+05,Solar+Battery       ,69.4,121.2,-52.4,49.6
TEST-01,2026-05-10 14:33:00+05,Solar+Battery       ,68.6,119.3,-52.2,49.6
TEST-01,2026-05-10 14:36:00+05,Solar+Battery       ,67.9,112.8,-44.8,49.6
TEST-01,2026-05-10 14:39:00+05,Solar+Battery       ,67.5,120.5,-52.9,49.6
TEST-01,2026-05-10 14:42:00+05,Solar+Battery       ,66.2,120.6,-51.7,49.6
TEST-01,2026-05-10 14:45:00+05,Solar+Battery       ,65.9,119.3,-53.4,49.6
TEST-01,2026-05-10 14:48:00+05,Solar+Battery       ,64.5,119.4,-54.9,49.6
TEST-01,2026-05-10 14:51:00+05,Solar+Battery       ,63.3,119.7,-57.2,49.6
TEST-01,2026-05-10 14:54:00+05,Solar+Battery       ,62.5,121.6,-58.8,49.6
TEST-01,2026-05-10 14:57:00+05,Solar+Battery       ,61.2,118.4,-57.2,49.6
TEST-01,2026-05-10 15:00:00+05,Solar+Battery       ,60.0,121.6,-62.1,49.6
TEST-01,2026-05-10 15:03:00+05,Solar+Battery       ,59.0,120.5,-61.3,49.6
TEST-01,2026-05-10 15:06:00+05,Solar+Battery       ,57.9,121.0,-62.2,49.6
TEST-01,2026-05-10 15:09:00+05,Solar+Battery       ,57.1,120.7,-64.0,49.6
TEST-01,2026-05-10 15:12:00+05,Solar+Battery       ,56.2,119.4,-65.0,49.6
TEST-01,2026-05-10 15:15:00+05,Solar+Battery       ,55.8,121.0,-66.4,49.6
TEST-01,2026-05-10 15:18:00+05,Solar+Battery       ,53.8,121.5,-68.1,49.5
TEST-01,2026-05-10 15:21:00+05,Solar+Battery       ,53.6,119.8,-65.9,49.6
TEST-01,2026-05-10 15:24:00+05,Solar+Battery       ,52.2,115.8,-66.7,49.6
TEST-01,2026-05-10 15:27:00+05,Solar+Battery       ,51.3,121.9,-69.0,49.6
TEST-01,2026-05-10 15:30:00+05,Solar+Battery       ,50.1,116.7,-72.2,49.5
TEST-01,2026-05-10 15:33:00+05,Solar+Battery       ,49.1,113.6,-64.0,49.6
TEST-01,2026-05-10 15:36:00+05,Solar+Battery       ,47.7,122.7,-74.9,49.6
TEST-01,2026-05-10 15:39:00+05,Solar+Battery       ,46.6,120.2,-75.5,49.5
TEST-01,2026-05-10 15:42:00+05,Solar+Battery       ,46.5,116.2,-66.8,49.6
TEST-01,2026-05-10 15:45:00+05,Solar+Battery       ,45.5,122.5,-77.2,49.5
TEST-01,2026-05-10 15:48:00+05,Solar+Battery       ,43.7,122.8,-79.3,49.5
TEST-01,2026-05-10 15:51:00+05,Solar+Battery       ,42.9,121.9,-79.0,49.5
TEST-01,2026-05-10 15:54:00+05,Solar+Battery       ,41.5,116.5,-78.9,49.5
TEST-01,2026-05-10 15:57:00+05,Solar+Battery       ,40.5,117.6,-77.1,49.5
TEST-01,2026-05-10 16:00:00+05,Solar+Battery       ,39.4,119.7,-78.8,49.5
TEST-01,2026-05-10 16:03:00+05,Solar+Battery       ,38.4,120.8,-82.8,49.5
TEST-01,2026-05-10 16:06:00+05,Solar+Battery       ,37.1,117.6,-80.4,49.4
TEST-01,2026-05-10 16:09:00+05,Solar+Battery       ,36.3,120.2,-84.8,49.5
TEST-01,2026-05-10 16:12:00+05,Solar+Battery       ,35.7,118.6,-87.0,49.4
TEST-01,2026-05-10 16:15:00+05,Solar+Battery       ,34.4,115.5,-81.2,49.4
TEST-01,2026-05-10 16:18:00+05,Solar+Battery       ,33.5,120.4,-86.9,49.4
TEST-01,2026-05-10 16:21:00+05,Solar+Battery       ,32.5,119.4,-86.7,49.4
TEST-01,2026-05-10 16:24:00+05,Solar+Battery       ,31.6,114.8,-88.9,49.4
TEST-01,2026-05-10 16:27:00+05,Solar+Battery       ,30.1,120.4,-89.3,49.4
TEST-01,2026-05-10 16:30:00+05,Solar+Battery       ,28.4,112.3,-83.2,49.4
TEST-01,2026-05-10 16:33:00+05,Solar+Battery       ,27.8,120.5,-92.6,49.3
TEST-01,2026-05-10 16:36:00+05,Solar+Battery       ,27.2,121.2,-94.6,49.3
TEST-01,2026-05-10 16:39:00+05,Solar+Battery       ,26.4,122.5,-96.6,49.3
TEST-01,2026-05-10 16:42:00+05,Solar+Battery       ,25.5,121.0,-97.7,49.2
TEST-01,2026-05-10 16:45:00+05,Solar+Battery       ,24.7,120.4,-97.3,49.2
TEST-01,2026-05-10 16:48:00+05,Solar+Battery       ,23.1,116.0,-93.8,49.1
TEST-01,2026-05-10 16:51:00+05,Solar+Battery       ,22.5,118.2,-98.4,49.0
TEST-01,2026-05-10 16:54:00+05,Solar+Battery       ,21.5,119.7,-98.0,49.0
TEST-01,2026-05-10 16:57:00+05,Solar+Battery       ,20.9,116.8,-95.4,49.0
TEST-01,2026-05-10 17:00:00+05,Solar+Battery       ,19.7,123.1,-103.3,48.9
TEST-01,2026-05-10 17:03:00+05,DG+Solar+Battery    ,18.7,129.8,-63.3,49.0
TEST-01,2026-05-10 17:06:00+05,DG+Solar            ,17.8,114.9,145.9,49.9
TEST-01,2026-05-10 17:09:00+05,DG+Solar            ,17.1,115.8,111.2,49.8
TEST-01,2026-05-10 17:12:00+05,DG+Solar            ,16.2,112.3,34.8,49.8
TEST-01,2026-05-10 17:15:00+05,DG+Solar            ,15.4,109.2,32.7,49.7
TEST-01,2026-05-10 17:18:00+05,DG+Solar            ,13.9,113.1,23.9,49.7
TEST-01,2026-05-10 17:21:00+05,DG+Solar            ,14.1,108.4,28.2,49.8
TEST-01,2026-05-10 17:24:00+05,DG+Solar            ,13.0,106.6,33.0,49.9
TEST-01,2026-05-10 17:27:00+05,DG+Solar            ,12.4,107.9,121.1,50.3
TEST-01,2026-05-10 17:30:00+05,DG+Solar            ,12.0,113.9,114.6,50.3
TEST-01,2026-05-10 17:33:00+05,DG+Solar            ,11.4,108.1,103.8,50.3
TEST-01,2026-05-10 17:36:00+05,DG+Solar            ,10.9,115.0,34.7,50.1
TEST-01,2026-05-10 17:39:00+05,DG+Solar            ,10.2,115.9,93.2,50.3
TEST-01,2026-05-10 17:42:00+05,DG+Solar            ,9.7,116.6,103.3,50.4
TEST-01,2026-05-10 17:45:00+05,DG+Solar            ,9.2,105.1,111.2,50.4
TEST-01,2026-05-10 17:48:00+05,DG+Solar            ,8.5,119.1,94.6,50.4
TEST-01,2026-05-10 17:51:00+05,DG+Solar            ,8.1,105.8,116.0,50.4
TEST-01,2026-05-10 17:54:00+05,DG+Solar            ,7.6,110.4,23.8,50.2
TEST-01,2026-05-10 17:57:00+05,DG+Solar            ,7.1,113.4,112.0,50.5
TEST-01,2026-05-10 18:00:00+05,DG+Solar            ,6.7,105.9,105.5,50.4
TEST-01,2026-05-10 18:03:00+05,DG+Solar            ,5.7,107.1,102.1,50.4
TEST-01,2026-05-10 18:06:00+05,DG+Solar            ,5.4,109.5,116.4,50.5
TEST-01,2026-05-10 18:09:00+05,DG+Solar            ,5.0,108.9,30.7,50.2
TEST-01,2026-05-10 18:12:00+05,DG+Solar            ,4.5,114.0,23.2,50.4
TEST-01,2026-05-10 18:15:00+05,DG+Solar            ,3.9,102.2,125.4,50.3
TEST-01,2026-05-10 18:18:00+05,DG+Solar            ,3.5,94.8,36.2,50.2
TEST-01,2026-05-10 18:21:00+05,DG+Solar            ,2.9,112.5,106.5,50.5
TEST-01,2026-05-10 18:24:00+05,DG+Solar            ,2.7,102.2,106.8,50.4
TEST-01,2026-05-10 18:27:00+05,DG+Solar            ,2.4,116.7,104.2,50.4
TEST-01,2026-05-10 18:30:00+05,DG+Solar            ,1.9,111.4,100.7,50.4
TEST-01,2026-05-10 18:33:00+05,Solar+Battery       ,1.8,94.3,-106.0,49.8
TEST-01,2026-05-10 18:36:00+05,Solar+Battery       ,1.5,106.3,-104.8,49.5
TEST-01,2026-05-10 18:39:00+05,Solar+Battery       ,1.1,118.2,-117.6,49.4
TEST-01,2026-05-10 18:42:00+05,Solar+Battery       ,0.8,113.0,-114.1,49.4
TEST-01,2026-05-10 18:45:00+05,Solar+Battery       ,0.6,111.8,-111.2,49.3
TEST-01,2026-05-10 18:48:00+05,Battery             ,0.4,117.4,-118.6,49.3
TEST-01,2026-05-10 18:51:00+05,Battery             ,0.3,121.1,-109.4,49.3
TEST-01,2026-05-10 18:54:00+05,Battery             ,0.1,118.5,-118.4,49.3
TEST-01,2026-05-10 18:57:00+05,Battery             ,0.0,117.4,-117.3,49.3
TEST-01,2026-05-10 19:00:00+05,Battery             ,0.0,121.3,-121.3,49.1
TEST-01,2026-05-10 19:03:00+05,Battery             ,0.0,115.9,-115.9,49.0
TEST-01,2026-05-10 19:06:00+05,Battery             ,0.0,115.6,-113.0,49.0
TEST-01,2026-05-10 19:09:00+05,Battery             ,0.0,119.7,-119.7,48.9
TEST-01,2026-05-10 19:12:00+05,Battery             ,0.0,100.0,-91.0,48.9
TEST-01,2026-05-10 19:15:00+05,Battery             ,0.0,104.6,-109.2,48.9
TEST-01,2026-05-10 19:18:00+05,Battery             ,0.0,118.0,-111.7,48.9
TEST-01,2026-05-10 19:21:00+05,Battery             ,0.0,108.5,-111.2,48.8
TEST-01,2026-05-10 19:24:00+05,Battery             ,0.0,113.6,-113.6,48.8
TEST-01,2026-05-10 19:27:00+05,Battery             ,0.0,119.4,-120.0,48.8
TEST-01,2026-05-10 19:30:00+05,Battery             ,0.0,120.0,-120.0,48.8
TEST-01,2026-05-10 19:33:00+05,Battery             ,0.0,120.5,-122.6,48.8
TEST-01,2026-05-10 19:36:00+05,Battery             ,0.0,122.2,-123.8,48.8
TEST-01,2026-05-10 19:39:00+05,Battery             ,0.0,121.0,-118.9,48.8
TEST-01,2026-05-10 19:42:00+05,Battery             ,0.0,118.9,-121.7,48.8
TEST-01,2026-05-10 19:45:00+05,Battery             ,0.0,119.7,-122.0,48.8
TEST-01,2026-05-10 19:48:00+05,Battery             ,0.0,122.6,-119.5,48.8
TEST-01,2026-05-10 19:51:00+05,Battery             ,0.0,124.4,-124.0,48.7
TEST-01,2026-05-10 19:54:00+05,Battery             ,0.0,121.4,-121.2,48.7
TEST-01,2026-05-10 19:57:00+05,Battery             ,0.0,121.4,-121.2,48.7
TEST-01,2026-05-10 20:00:00+05,Battery             ,0.0,119.1,-118.5,48.7
TEST-01,2026-05-10 20:03:00+05,Battery             ,0.0,123.3,-123.7,48.7
TEST-01,2026-05-10 20:06:00+05,Battery             ,0.0,122.7,-122.7,48.7
TEST-01,2026-05-10 20:09:00+05,Battery             ,0.0,122.7,-121.6,48.7
TEST-01,2026-05-10 20:12:00+05,Battery             ,0.0,123.8,-123.0,48.7
TEST-01,2026-05-10 20:15:00+05,Battery             ,0.0,122.4,-120.2,48.7
TEST-01,2026-05-10 20:18:00+05,Battery             ,0.0,122.2,-122.2,48.6
TEST-01,2026-05-10 20:21:00+05,Battery             ,0.0,123.4,-123.5,48.6
TEST-01,2026-05-10 20:24:00+05,Battery             ,0.0,121.9,-121.9,48.6
TEST-01,2026-05-10 20:27:00+05,Battery             ,0.0,122.9,-123.7,48.6
TEST-01,2026-05-10 20:30:00+05,Battery             ,0.0,118.9,-118.9,48.6
TEST-01,2026-05-10 20:33:00+05,Battery             ,0.0,119.2,-119.1,48.6
TEST-01,2026-05-10 20:36:00+05,Battery             ,0.0,123.2,-114.3,48.5
TEST-01,2026-05-10 20:39:00+05,Battery             ,0.0,118.7,-123.1,48.5
TEST-01,2026-05-10 20:42:00+05,Battery             ,0.0,112.3,-114.7,48.5
TEST-01,2026-05-10 20:45:00+05,Battery             ,0.0,119.8,-115.6,48.5
TEST-01,2026-05-10 20:48:00+05,Battery             ,0.0,119.7,-114.4,48.4
TEST-01,2026-05-10 20:51:00+05,Battery             ,0.0,121.7,-121.7,48.4
TEST-01,2026-05-10 20:54:00+05,Battery             ,0.0,123.6,-122.2,48.3
TEST-01,2026-05-10 20:57:00+05,Battery             ,0.0,124.4,-124.8,48.3
TEST-01,2026-05-10 21:00:00+05,Battery             ,0.0,123.3,-119.8,48.2
TEST-01,2026-05-10 21:03:00+05,Battery             ,0.0,116.7,-115.6,48.2
TEST-01,2026-05-10 21:06:00+05,Battery             ,0.0,124.2,-123.2,48.1
TEST-01,2026-05-10 21:09:00+05,Battery             ,0.0,126.1,-126.7,48.1
TEST-01,2026-05-10 21:12:00+05,Battery             ,0.0,126.2,-126.2,48.1
TEST-01,2026-05-10 21:15:00+05,Battery             ,0.0,125.6,-125.4,48.0
TEST-01,2026-05-10 21:18:00+05,Battery             ,0.0,120.9,-120.9,48.0
TEST-01,2026-05-10 21:21:00+05,Battery             ,0.0,125.9,-120.7,47.9
TEST-01,2026-05-10 21:24:00+05,Battery             ,0.0,120.4,-120.4,47.8
TEST-01,2026-05-10 21:27:00+05,Battery             ,0.0,126.9,-126.9,47.8
TEST-01,2026-05-10 21:30:00+05,Battery             ,0.0,126.3,-126.3,47.7
TEST-01,2026-05-10 21:33:00+05,DG+Battery          ,0.0,134.5,-79.5,47.8
TEST-01,2026-05-10 21:36:00+05,DG                  ,0.0,122.0,126.8,48.7
TEST-01,2026-05-10 21:39:00+05,DG                  ,0.0,120.2,116.0,48.9
TEST-01,2026-05-10 21:42:00+05,DG                  ,0.0,118.5,117.4,49.0
TEST-01,2026-05-10 21:45:00+05,DG                  ,0.0,121.5,117.7,49.1
TEST-01,2026-05-10 21:48:00+05,DG                  ,0.0,118.2,112.6,49.2
TEST-01,2026-05-10 21:51:00+05,DG                  ,0.0,119.6,116.1,49.3
TEST-01,2026-05-10 21:54:00+05,DG                  ,0.0,115.1,108.3,49.4
TEST-01,2026-05-10 21:57:00+05,DG                  ,0.0,119.8,113.8,49.4
TEST-01,2026-05-10 22:00:00+05,DG                  ,0.0,119.8,116.3,49.5
TEST-01,2026-05-10 22:03:00+05,DG                  ,0.0,119.5,107.6,49.5
TEST-01,2026-05-10 22:06:00+05,DG                  ,0.0,119.1,106.1,49.5
TEST-01,2026-05-10 22:09:00+05,DG                  ,0.0,120.6,112.6,49.6
TEST-01,2026-05-10 22:12:00+05,DG                  ,0.0,120.7,111.6,49.7
TEST-01,2026-05-10 22:15:00+05,DG                  ,0.0,118.9,112.2,49.7
TEST-01,2026-05-10 22:18:00+05,DG                  ,0.0,117.0,116.8,49.8
TEST-01,2026-05-10 22:21:00+05,DG                  ,0.0,119.2,114.3,49.8
TEST-01,2026-05-10 22:24:00+05,DG                  ,0.0,116.9,114.7,49.8
TEST-01,2026-05-10 22:27:00+05,DG                  ,0.0,116.4,112.0,49.8
TEST-01,2026-05-10 22:30:00+05,DG                  ,0.0,117.8,113.8,49.8
TEST-01,2026-05-10 22:33:00+05,DG                  ,0.0,108.6,111.7,49.9
TEST-01,2026-05-10 22:36:00+05,DG                  ,0.0,118.8,117.2,49.9
TEST-01,2026-05-10 22:39:00+05,DG                  ,0.0,115.8,119.3,49.9
TEST-01,2026-05-10 22:42:00+05,DG                  ,0.0,115.8,115.5,49.9
TEST-01,2026-05-10 22:45:00+05,DG                  ,0.0,119.3,115.5,50.0
TEST-01,2026-05-10 22:48:00+05,DG                  ,0.0,115.6,113.4,50.0
TEST-01,2026-05-10 22:51:00+05,DG                  ,0.0,113.6,118.1,50.0
TEST-01,2026-05-10 22:54:00+05,DG                  ,0.0,117.9,113.6,50.0
TEST-01,2026-05-10 22:57:00+05,DG                  ,0.0,119.2,108.8,50.0
TEST-01,2026-05-10 23:00:00+05,DG                  ,0.0,111.8,119.8,50.0
TEST-01,2026-05-10 23:03:00+05,DG                  ,0.0,113.6,117.3,50.0
TEST-01,2026-05-10 23:06:00+05,Battery             ,0.0,110.9,-110.9,49.3
TEST-01,2026-05-10 23:09:00+05,Battery             ,0.0,116.8,-114.5,49.0
TEST-01,2026-05-10 23:12:00+05,Battery             ,0.0,112.7,-120.4,48.9
TEST-01,2026-05-10 23:15:00+05,Battery             ,0.0,116.3,-116.6,48.9
TEST-01,2026-05-10 23:18:00+05,Battery             ,0.0,113.2,-113.2,48.8
TEST-01,2026-05-10 23:21:00+05,Battery             ,0.0,117.6,-115.2,48.8
TEST-01,2026-05-10 23:24:00+05,Battery             ,0.0,106.1,-106.1,48.7
TEST-01,2026-05-10 23:27:00+05,Battery             ,0.0,121.8,-121.3,48.6
TEST-01,2026-05-10 23:30:00+05,Battery             ,0.0,120.9,-120.9,48.5
TEST-01,2026-05-10 23:33:00+05,Battery             ,0.0,121.2,-121.2,48.4
TEST-01,2026-05-10 23:36:00+05,Battery             ,0.0,118.9,-114.9,48.3
TEST-01,2026-05-10 23:39:00+05,Battery             ,0.0,120.5,-122.2,48.2
TEST-01,2026-05-10 23:42:00+05,Battery             ,0.0,117.1,-117.1,48.2
TEST-01,2026-05-10 23:45:00+05,Battery             ,0.0,122.6,-122.2,48.1
TEST-01,2026-05-10 23:48:00+05,Battery             ,0.0,110.7,-110.7,48.0
TEST-01,2026-05-10 23:51:00+05,Battery             ,0.0,117.7,-112.5,48.0
TEST-01,2026-05-10 23:54:00+05,Battery             ,0.0,116.3,-116.3,48.0
TEST-01,2026-05-10 23:57:00+05,Battery             ,0.0,121.0,-120.9,47.9
